departure,arrival,SOE
03-Jan-2014 08:44:00,03-Jan-2014 21:28:00,48.2089996280154
04-Jan-2014 07:50:00,04-Jan-2014 22:21:00,82.4499499349657
05-Jan-2014 05:37:00,05-Jan-2014 17:13:00,3.91571885820849
06-Jan-2014 15:37:00,06-Jan-2014 16:54:00,4.62492803161688
06-Jan-2014 19:37:00,06-Jan-2014 19:57:00,3.05971633143959
07-Jan-2014 05:12:00,07-Jan-2014 17:43:00,3.61619822488528
10-Jan-2014 07:53:00,10-Jan-2014 18:05:00,4.68386931659535
11-Jan-2014 08:49:00,11-Jan-2014 09:49:00,3.8186475492611
13-Jan-2014 08:02:00,13-Jan-2014 10:38:00,3.05700181608523
14-Jan-2014 06:31:00,14-Jan-2014 15:35:00,3.72341314506668
15-Jan-2014 09:25:00,15-Jan-2014 10:37:00,0.917484392117598
15-Jan-2014 10:42:00,15-Jan-2014 12:38:00,5.88520253774814
15-Jan-2014 13:28:00,15-Jan-2014 20:19:00,19.4681139287879
17-Jan-2014 06:41:00,17-Jan-2014 18:27:00,11.2657350511014
18-Jan-2014 05:50:00,18-Jan-2014 14:01:00,3.6169976185503
20-Jan-2014 06:15:00,20-Jan-2014 15:23:00,3.64167616704286
21-Jan-2014 07:20:00,21-Jan-2014 16:07:00,3.53297192227661
22-Jan-2014 06:06:00,22-Jan-2014 16:08:00,3.43437903844312
23-Jan-2014 23:11:00,24-Jan-2014 00:53:00,3.3619276619894
24-Jan-2014 07:11:00,24-Jan-2014 18:41:00,9.85447292289414
24-Jan-2014 20:07:00,24-Jan-2014 22:39:00,16.423541411039
26-Jan-2014 07:31:00,26-Jan-2014 16:25:00,4.27998563292441
27-Jan-2014 07:03:00,27-Jan-2014 17:55:00,3.59543218954049
28-Jan-2014 04:25:00,28-Jan-2014 15:12:00,3.50069179428332
31-Jan-2014 09:23:00,31-Jan-2014 18:07:00,6.26688540447844
01-Feb-2014 06:29:00,01-Feb-2014 13:32:00,3.98545156597583
04-Feb-2014 06:47:00,04-Feb-2014 19:00:00,6.11936233482814
05-Feb-2014 10:36:00,05-Feb-2014 13:37:00,2.24715277678623
05-Feb-2014 13:42:00,05-Feb-2014 14:57:00,0.797108886553048
05-Feb-2014 15:06:00,05-Feb-2014 15:24:00,0.744280288621382
07-Feb-2014 11:32:00,07-Feb-2014 18:51:00,2.95954036227805
08-Feb-2014 07:53:00,08-Feb-2014 19:49:00,3.46234552434692
09-Feb-2014 09:26:00,09-Feb-2014 15:17:00,3.47310315542557
10-Feb-2014 06:22:00,10-Feb-2014 20:43:00,6.94889953787911
11-Feb-2014 01:10:00,11-Feb-2014 16:51:00,3.23552854066473
12-Feb-2014 08:54:00,12-Feb-2014 09:42:00,29.4217284303892
13-Feb-2014 14:18:00,13-Feb-2014 18:37:00,2.14701635291565
14-Feb-2014 06:59:00,14-Feb-2014 11:57:00,2.39134787733787
14-Feb-2014 12:27:00,14-Feb-2014 22:53:00,3.61835844398743
15-Feb-2014 06:39:00,15-Feb-2014 10:00:00,3.09395231644276
16-Feb-2014 05:56:00,16-Feb-2014 15:43:00,3.63337146340049
17-Feb-2014 05:23:00,17-Feb-2014 17:35:00,4.89736731637748
18-Feb-2014 07:08:00,18-Feb-2014 17:20:00,3.98662861434513
19-Feb-2014 15:37:00,19-Feb-2014 16:42:00,28.7477049948057
19-Feb-2014 16:46:00,19-Feb-2014 22:52:00,2.12900559148632
20-Feb-2014 17:31:00,20-Feb-2014 18:16:00,1.43290838433537
21-Feb-2014 07:59:00,21-Feb-2014 18:44:00,8.97788324357543
22-Feb-2014 05:14:00,22-Feb-2014 15:24:00,3.78065344281439
23-Feb-2014 05:36:00,23-Feb-2014 16:55:00,3.56802079423546
24-Feb-2014 06:19:00,24-Feb-2014 15:55:00,6.58361186742634
25-Feb-2014 07:20:00,25-Feb-2014 17:55:00,3.62364882332625
27-Feb-2014 10:08:00,27-Feb-2014 10:42:00,2.61917320463338
28-Feb-2014 06:46:00,28-Feb-2014 20:47:00,5.65939687445318
01-Mar-2014 06:57:00,01-Mar-2014 16:16:00,9.67637378843148
02-Mar-2014 06:57:00,02-Mar-2014 16:59:00,6.85206422694935
03-Mar-2014 05:17:00,03-Mar-2014 11:10:00,9.86825240009356
04-Mar-2014 08:07:00,04-Mar-2014 17:54:00,3.45061582255044
05-Mar-2014 11:00:00,05-Mar-2014 15:05:00,0.706622747140844
05-Mar-2014 17:44:00,05-Mar-2014 20:29:00,4.22949364578129
05-Mar-2014 22:07:00,06-Mar-2014 01:26:00,9.03529132904053
06-Mar-2014 10:16:00,06-Mar-2014 11:24:00,1.77981748905432
07-Mar-2014 05:43:00,07-Mar-2014 22:01:00,31.1589350735003
08-Mar-2014 06:48:00,08-Mar-2014 16:58:00,3.30773204757005
08-Mar-2014 17:08:00,08-Mar-2014 20:13:00,3.31319914977023
09-Mar-2014 06:29:00,09-Mar-2014 14:14:00,3.61866106539788
10-Mar-2014 08:48:00,10-Mar-2014 15:36:00,3.51289714660858
11-Mar-2014 05:52:00,11-Mar-2014 12:15:00,3.61024029052639
12-Mar-2014 14:09:00,12-Mar-2014 14:46:00,1.15808689752122
12-Mar-2014 15:57:00,14-Mar-2014 20:28:00,18.2598923454114
16-Mar-2014 03:44:00,16-Mar-2014 15:39:00,3.4939710314867
17-Mar-2014 05:26:00,17-Mar-2014 15:24:00,3.53376711520264
18-Mar-2014 08:15:00,18-Mar-2014 18:37:00,6.05436618505838
18-Mar-2014 18:49:00,18-Mar-2014 19:10:00,3.31767852309294
19-Mar-2014 09:10:00,19-Mar-2014 18:32:00,3.520358038024
20-Mar-2014 13:00:00,20-Mar-2014 15:15:00,0.896266073583075
20-Mar-2014 15:20:00,20-Mar-2014 19:23:00,7.31029856244576
21-Mar-2014 07:04:00,21-Mar-2014 20:06:00,3.53369547047085
23-Mar-2014 05:26:00,23-Mar-2014 10:05:00,7.22701613927145
23-Mar-2014 13:18:00,23-Mar-2014 14:19:00,3.01908649839164
24-Mar-2014 06:06:00,24-Mar-2014 17:07:00,3.54792131521975
25-Mar-2014 08:03:00,25-Mar-2014 19:33:00,3.27216934819453
26-Mar-2014 14:00:00,26-Mar-2014 16:16:00,2.65208404536103
30-Mar-2014 05:34:00,30-Mar-2014 07:08:00,3.22082286681941
31-Mar-2014 06:02:00,31-Mar-2014 21:40:00,4.95529319324319
31-Mar-2014 22:26:00,31-Mar-2014 22:36:00,1.57114230053968
01-Apr-2014 07:25:00,01-Apr-2014 16:11:00,11.0857243390424
02-Apr-2014 15:08:00,02-Apr-2014 18:04:00,1.48379408334238
02-Apr-2014 18:36:00,04-Apr-2014 21:12:00,17.144511708032
05-Apr-2014 06:47:00,05-Apr-2014 16:49:00,3.65695167314569
06-Apr-2014 07:02:00,06-Apr-2014 16:05:00,3.67748970431048
07-Apr-2014 08:30:00,07-Apr-2014 18:44:00,4.38370460763219
11-Apr-2014 07:16:00,11-Apr-2014 12:58:00,3.718572547092
12-Apr-2014 04:28:00,12-Apr-2014 05:02:00,2.74852508606422
13-Apr-2014 07:10:00,13-Apr-2014 18:26:00,3.47946490778297
14-Apr-2014 06:34:00,14-Apr-2014 17:54:00,6.73714747575358
16-Apr-2014 10:11:00,16-Apr-2014 10:35:00,1.28934633585602
18-Apr-2014 11:24:00,18-Apr-2014 20:46:00,3.60974425058657
19-Apr-2014 06:45:00,19-Apr-2014 21:37:00,3.7677636614113
20-Apr-2014 06:43:00,20-Apr-2014 13:39:00,3.47432578772074
21-Apr-2014 06:37:00,21-Apr-2014 16:20:00,6.4012949895151
21-Apr-2014 16:56:00,21-Apr-2014 17:16:00,2.0978052552903
22-Apr-2014 05:36:00,22-Apr-2014 16:51:00,13.7098566305581
25-Apr-2014 06:27:00,25-Apr-2014 10:45:00,3.26305191479676
25-Apr-2014 11:15:00,25-Apr-2014 15:34:00,25.6225603303251
26-Apr-2014 05:16:00,26-Apr-2014 13:53:00,9.21927858119488
27-Apr-2014 06:14:00,27-Apr-2014 14:11:00,5.13274161010047
28-Apr-2014 06:52:00,28-Apr-2014 10:44:00,3.32690147123243
29-Apr-2014 05:26:00,29-Apr-2014 16:51:00,4.75053914232527
30-Apr-2014 05:16:00,30-Apr-2014 14:10:00,3.3764025094164
01-May-2014 11:13:00,01-May-2014 12:06:00,2.60102218677336
01-May-2014 12:12:00,03-May-2014 07:24:00,12.9241655022326
03-May-2014 16:40:00,03-May-2014 16:55:00,5.06809910291319
04-May-2014 08:07:00,04-May-2014 20:17:00,9.27164181110309
04-May-2014 20:28:00,04-May-2014 20:43:00,0.637501898700767
05-May-2014 07:35:00,05-May-2014 14:34:00,6.88881157419667
06-May-2014 06:37:00,06-May-2014 17:50:00,3.49061950487595
07-May-2014 11:47:00,07-May-2014 16:46:00,4.30776723972339
07-May-2014 18:48:00,07-May-2014 19:07:00,0.621596973087123
07-May-2014 22:23:00,08-May-2014 12:57:00,1.0214508283141
08-May-2014 13:19:00,09-May-2014 06:01:00,5.27052513254007
10-May-2014 07:12:00,10-May-2014 22:22:00,3.05517611142769
10-May-2014 22:43:00,10-May-2014 22:57:00,3.85095976454531
12-May-2014 04:59:00,12-May-2014 19:48:00,8.81381628908516
13-May-2014 06:50:00,13-May-2014 14:29:00,4.46770007864551
13-May-2014 15:47:00,13-May-2014 22:26:00,10.6367624081478
14-May-2014 10:09:00,15-May-2014 01:52:00,8.42154453787238
15-May-2014 10:06:00,15-May-2014 12:15:00,1.35294210523419
15-May-2014 12:25:00,15-May-2014 22:26:00,7.48101040892559
16-May-2014 04:18:00,16-May-2014 18:10:00,48.4280391604976
16-May-2014 21:04:00,16-May-2014 21:23:00,5.18689766561228
17-May-2014 08:44:00,17-May-2014 20:13:00,4.63923784841883
18-May-2014 06:57:00,18-May-2014 17:07:00,3.44425022096762
19-May-2014 06:42:00,19-May-2014 08:08:00,3.31662972563431
20-May-2014 05:23:00,20-May-2014 15:17:00,3.46566351684046
21-May-2014 10:27:00,21-May-2014 11:35:00,12.4419811383631
21-May-2014 12:03:00,23-May-2014 15:03:00,4.26897542793549
24-May-2014 06:54:00,24-May-2014 20:49:00,11.5957517454017
30-May-2014 07:22:00,30-May-2014 17:44:00,3.86961165522213
31-May-2014 06:54:00,31-May-2014 17:00:00,3.38750418119752
01-Jun-2014 07:33:00,01-Jun-2014 20:28:00,5.95885230211287
02-Jun-2014 06:41:00,02-Jun-2014 09:08:00,2.63427545704071
03-Jun-2014 07:22:00,03-Jun-2014 20:33:00,3.43969949915837
04-Jun-2014 08:22:00,04-Jun-2014 15:55:00,22.9965950142991
04-Jun-2014 16:09:00,04-Jun-2014 16:49:00,2.66184440385699
05-Jun-2014 09:36:00,05-Jun-2014 13:57:00,8.6939389774831
20-Jun-2014 06:35:00,20-Jun-2014 15:32:00,4.93660269795107
21-Jun-2014 07:59:00,21-Jun-2014 16:38:00,3.37830292950137
22-Jun-2014 05:44:00,22-Jun-2014 17:35:00,3.5675076584698
23-Jun-2014 06:54:00,23-Jun-2014 15:47:00,3.35200469056527
24-Jun-2014 07:39:00,24-Jun-2014 19:45:00,11.3415981432924
27-Jun-2014 07:34:00,27-Jun-2014 15:04:00,10.3903858830333
28-Jun-2014 04:31:00,28-Jun-2014 14:28:00,4.16148728227938
29-Jun-2014 07:50:00,29-Jun-2014 18:43:00,3.88066711901596
01-Jul-2014 06:54:00,01-Jul-2014 21:36:00,45.3453949236081
04-Jul-2014 06:13:00,04-Jul-2014 17:10:00,3.44882386907905
05-Jul-2014 07:06:00,05-Jul-2014 18:13:00,4.14065286928203
06-Jul-2014 06:16:00,06-Jul-2014 15:43:00,3.36215075721243
07-Jul-2014 07:41:00,07-Jul-2014 14:46:00,6.79012440351345
08-Jul-2014 06:46:00,08-Jul-2014 19:37:00,7.78497734435058
08-Jul-2014 20:07:00,08-Jul-2014 20:17:00,1.19037702091169
11-Jul-2014 06:32:00,11-Jul-2014 17:26:00,22.838345268062
12-Jul-2014 06:59:00,12-Jul-2014 17:42:00,3.3318502227128
13-Jul-2014 07:17:00,13-Jul-2014 16:51:00,3.86415545956711
14-Jul-2014 06:32:00,14-Jul-2014 22:17:00,2.91916229317099
15-Jul-2014 05:47:00,15-Jul-2014 15:59:00,14.5780013408533
16-Jul-2014 13:38:00,16-Jul-2014 18:45:00,1.24400270410912
16-Jul-2014 20:55:00,16-Jul-2014 21:15:00,0.781974124935454
18-Jul-2014 10:47:00,18-Jul-2014 15:02:00,3.22308366569297
19-Jul-2014 07:23:00,19-Jul-2014 17:31:00,9.83036063967821
20-Jul-2014 05:40:00,20-Jul-2014 15:49:00,3.41305812796389
21-Jul-2014 06:00:00,21-Jul-2014 14:00:00,3.94980794049743
22-Jul-2014 06:16:00,22-Jul-2014 15:43:00,3.2663545406199
23-Jul-2014 13:39:00,23-Jul-2014 16:51:00,10.7818593696764
25-Jul-2014 06:34:00,25-Jul-2014 16:28:00,3.52863302246569
26-Jul-2014 07:17:00,26-Jul-2014 17:35:00,3.32740666972793
27-Jul-2014 09:20:00,27-Jul-2014 15:12:00,7.95078286186624
28-Jul-2014 12:47:00,29-Jul-2014 00:44:00,3.52211996015139
29-Jul-2014 06:12:00,29-Jul-2014 20:29:00,18.3137529499312
29-Jul-2014 23:40:00,30-Jul-2014 00:00:00,5.20394516971135
30-Jul-2014 15:19:00,30-Jul-2014 15:54:00,2.07957840646121
31-Jul-2014 11:05:00,31-Jul-2014 13:29:00,0.875824546408006
31-Jul-2014 15:14:00,31-Jul-2014 15:24:00,1.12529368837409
01-Aug-2014 05:39:00,01-Aug-2014 15:10:00,3.44923883316409
01-Aug-2014 15:34:00,01-Aug-2014 16:37:00,19.9393906714921
01-Aug-2014 16:52:00,01-Aug-2014 17:02:00,1.71500331085078
02-Aug-2014 05:42:00,02-Aug-2014 16:05:00,3.46792977641973
03-Aug-2014 05:23:00,03-Aug-2014 19:13:00,7.11642325662779
04-Aug-2014 07:07:00,04-Aug-2014 18:24:00,12.7524122380621
05-Aug-2014 07:15:00,05-Aug-2014 16:25:00,3.39260784722912
06-Aug-2014 10:32:00,06-Aug-2014 18:21:00,6.18176638220392
07-Aug-2014 11:24:00,07-Aug-2014 11:44:00,4.93174638329012
07-Aug-2014 13:19:00,07-Aug-2014 13:45:00,1.12866695074129
08-Aug-2014 04:19:00,08-Aug-2014 15:17:00,5.93070878378239
09-Aug-2014 06:02:00,09-Aug-2014 15:47:00,3.38640946996447
11-Aug-2014 06:52:00,11-Aug-2014 21:42:00,8.02184575471127
12-Aug-2014 05:12:00,12-Aug-2014 14:05:00,3.16915361077216
14-Aug-2014 15:17:00,14-Aug-2014 17:16:00,2.72006554690615
15-Aug-2014 03:53:00,15-Aug-2014 04:39:00,2.55614424177227
16-Aug-2014 05:51:00,16-Aug-2014 15:36:00,3.68983260101392
17-Aug-2014 07:26:00,17-Aug-2014 20:50:00,7.9346696496478
19-Aug-2014 06:51:00,19-Aug-2014 15:20:00,5.72769301326679
22-Aug-2014 08:10:00,22-Aug-2014 23:33:00,15.2801094019656
23-Aug-2014 06:01:00,23-Aug-2014 14:22:00,4.62072528646048
23-Aug-2014 14:49:00,23-Aug-2014 15:44:00,2.45402610776541
23-Aug-2014 16:18:00,23-Aug-2014 19:34:00,5.47382742731367
24-Aug-2014 08:45:00,24-Aug-2014 23:29:00,10.711808184547
25-Aug-2014 06:50:00,25-Aug-2014 19:52:00,8.20368969169402
26-Aug-2014 07:04:00,26-Aug-2014 15:31:00,3.39997049755397
28-Aug-2014 13:20:00,28-Aug-2014 13:46:00,3.05016148628354
29-Aug-2014 06:54:00,29-Aug-2014 18:26:00,4.73912995169915
30-Aug-2014 05:56:00,30-Aug-2014 16:48:00,3.41722459405629
31-Aug-2014 08:14:00,31-Aug-2014 19:20:00,4.60698366437841
01-Sep-2014 07:22:00,01-Sep-2014 11:21:00,6.35663038265005
01-Sep-2014 13:45:00,01-Sep-2014 14:37:00,0.90682972511899
02-Sep-2014 06:44:00,02-Sep-2014 19:47:00,8.74833598262629
03-Sep-2014 17:50:00,04-Sep-2014 01:10:00,3.85666358194301
04-Sep-2014 10:17:00,04-Sep-2014 12:04:00,1.69627309443433
05-Sep-2014 06:49:00,05-Sep-2014 19:16:00,4.34933670428671
06-Sep-2014 05:48:00,06-Sep-2014 18:15:00,29.5792908472783
07-Sep-2014 05:39:00,07-Sep-2014 15:38:00,6.10755857759967
08-Sep-2014 05:39:00,08-Sep-2014 11:20:00,3.28096872517883
09-Sep-2014 06:49:00,09-Sep-2014 15:23:00,2.69632500458379
10-Sep-2014 07:05:00,10-Sep-2014 18:45:00,5.73561296901094
10-Sep-2014 19:05:00,10-Sep-2014 19:40:00,4.59578801880702
11-Sep-2014 13:53:00,11-Sep-2014 15:44:00,1.27419630517632
12-Sep-2014 05:13:00,12-Sep-2014 14:40:00,3.57705573559283
13-Sep-2014 08:07:00,13-Sep-2014 15:15:00,3.02182682838414
14-Sep-2014 07:04:00,14-Sep-2014 16:23:00,3.37419184773786
15-Sep-2014 06:46:00,15-Sep-2014 22:16:00,9.38674910510112
16-Sep-2014 00:28:00,16-Sep-2014 00:40:00,0.367946605329489
16-Sep-2014 04:50:00,16-Sep-2014 15:39:00,5.72758014551365
16-Sep-2014 17:33:00,16-Sep-2014 20:12:00,2.10156279545378
16-Sep-2014 20:54:00,16-Sep-2014 22:26:00,2.36445486784167
17-Sep-2014 06:46:00,17-Sep-2014 13:37:00,3.30882263357103
18-Sep-2014 14:46:00,18-Sep-2014 20:30:00,2.54106786319681
19-Sep-2014 04:50:00,19-Sep-2014 17:00:00,3.39055837883942
20-Sep-2014 07:05:00,20-Sep-2014 17:19:00,3.56043243904147
21-Sep-2014 07:49:00,21-Sep-2014 21:10:00,3.54542971126764
22-Sep-2014 01:17:00,22-Sep-2014 08:05:00,3.43842964835461
23-Sep-2014 07:01:00,23-Sep-2014 16:39:00,3.59765960152926
24-Sep-2014 06:46:00,24-Sep-2014 16:28:00,3.18718988676754
26-Sep-2014 06:28:00,26-Sep-2014 17:34:00,3.57561150040938
27-Sep-2014 07:43:00,27-Sep-2014 22:34:00,16.1681431566206
28-Sep-2014 05:30:00,28-Sep-2014 16:35:00,3.41813632111508
29-Sep-2014 06:19:00,29-Sep-2014 10:43:00,3.31525491746755
30-Sep-2014 04:58:00,30-Sep-2014 15:02:00,12.5132026952553
03-Oct-2014 10:06:00,03-Oct-2014 13:30:00,12.1849892493911
04-Oct-2014 07:45:00,04-Oct-2014 17:35:00,3.39629396995307
05-Oct-2014 06:54:00,05-Oct-2014 15:20:00,3.35618239624385
06-Oct-2014 05:39:00,06-Oct-2014 11:58:00,4.37636355406844
06-Oct-2014 12:44:00,06-Oct-2014 13:56:00,1.36488870296659
07-Oct-2014 07:51:00,07-Oct-2014 14:13:00,2.90806225309862
10-Oct-2014 07:25:00,10-Oct-2014 20:42:00,8.98044944835151
12-Oct-2014 05:44:00,12-Oct-2014 12:58:00,6.0226858929358
13-Oct-2014 05:29:00,13-Oct-2014 20:07:00,7.64636832262067
14-Oct-2014 06:59:00,14-Oct-2014 19:15:00,6.46487500184359
15-Oct-2014 14:21:00,15-Oct-2014 15:31:00,1.23618524866973
17-Oct-2014 05:43:00,17-Oct-2014 15:00:00,3.39216388654377
18-Oct-2014 05:02:00,18-Oct-2014 06:49:00,3.2876213138401
19-Oct-2014 08:40:00,19-Oct-2014 16:21:00,22.7811633946101
20-Oct-2014 10:44:00,20-Oct-2014 22:34:00,3.69731353274797
22-Oct-2014 19:07:00,22-Oct-2014 20:46:00,3.49662926277212
23-Oct-2014 10:10:00,23-Oct-2014 12:39:00,1.35410817619791
23-Oct-2014 13:24:00,23-Oct-2014 20:09:00,5.75207120740395
24-Oct-2014 01:57:00,24-Oct-2014 09:11:00,2.72118653753291
24-Oct-2014 09:22:00,24-Oct-2014 10:38:00,8.89857807135527
25-Oct-2014 08:31:00,25-Oct-2014 21:32:00,3.45952187327163
26-Oct-2014 06:17:00,26-Oct-2014 16:02:00,7.49131916665472
27-Oct-2014 07:22:00,27-Oct-2014 15:59:00,7.39949641853908
28-Oct-2014 07:07:00,28-Oct-2014 20:51:00,3.74746602586338
29-Oct-2014 10:11:00,29-Oct-2014 12:46:00,3.36454132359538
31-Oct-2014 08:09:00,31-Oct-2014 14:27:00,3.55047381744204
02-Nov-2014 07:45:00,02-Nov-2014 23:22:00,14.7264406770977
03-Nov-2014 07:48:00,03-Nov-2014 23:06:00,3.16287182991921
04-Nov-2014 07:51:00,04-Nov-2014 18:57:00,30.2437728329346
04-Nov-2014 19:09:00,04-Nov-2014 19:29:00,1.66115426849832
05-Nov-2014 06:20:00,05-Nov-2014 12:31:00,4.42297859066595
06-Nov-2014 09:50:00,06-Nov-2014 17:19:00,0.981275374343183
07-Nov-2014 07:05:00,07-Nov-2014 22:45:00,8.67858824511567
08-Nov-2014 06:16:00,08-Nov-2014 16:30:00,3.58758002743991
09-Nov-2014 06:50:00,09-Nov-2014 17:00:00,3.64881105507739
10-Nov-2014 07:21:00,10-Nov-2014 16:20:00,3.62008672785981
11-Nov-2014 07:35:00,11-Nov-2014 21:01:00,25.8074819054681
11-Nov-2014 21:29:00,11-Nov-2014 21:34:00,0.735424813326698
12-Nov-2014 09:36:00,12-Nov-2014 19:50:00,11.0347486825122
13-Nov-2014 10:04:00,13-Nov-2014 17:18:00,1.23433837657537
16-Nov-2014 06:54:00,16-Nov-2014 19:53:00,8.53847250624481
17-Nov-2014 07:15:00,17-Nov-2014 21:54:00,13.7321367509575
18-Nov-2014 05:40:00,18-Nov-2014 16:04:00,3.53317266561696
19-Nov-2014 12:24:00,19-Nov-2014 13:51:00,1.01285976268295
20-Nov-2014 10:17:00,20-Nov-2014 17:47:00,1.34266123868263
21-Nov-2014 06:58:00,21-Nov-2014 20:05:00,8.11563011569169
21-Nov-2014 20:30:00,21-Nov-2014 20:40:00,1.25213986949325
22-Nov-2014 06:05:00,22-Nov-2014 16:55:00,3.5155820712435
23-Nov-2014 07:49:00,23-Nov-2014 12:36:00,3.59879951487768
24-Nov-2014 05:34:00,24-Nov-2014 20:57:00,31.0140391005064
25-Nov-2014 07:33:00,25-Nov-2014 18:39:00,3.54727011468303
26-Nov-2014 09:33:00,26-Nov-2014 10:40:00,3.21258986282848
26-Nov-2014 10:55:00,28-Nov-2014 17:26:00,9.3825934087362
29-Nov-2014 05:29:00,29-Nov-2014 17:02:00,3.65059137167799
30-Nov-2014 05:36:00,30-Nov-2014 13:53:00,3.5270609689832
01-Dec-2014 06:10:00,01-Dec-2014 08:48:00,3.06787757108198
02-Dec-2014 07:16:00,02-Dec-2014 19:05:00,8.31001589128022
03-Dec-2014 07:29:00,03-Dec-2014 21:42:00,31.6636185149303
04-Dec-2014 10:15:00,04-Dec-2014 10:41:00,9.42120049289507
04-Dec-2014 10:47:00,04-Dec-2014 12:23:00,1.5976139125805
06-Dec-2014 04:58:00,06-Dec-2014 08:56:00,4.17081825317596
06-Dec-2014 09:50:00,06-Dec-2014 12:39:00,5.18583922008666
07-Dec-2014 07:14:00,07-Dec-2014 21:11:00,16.7152925350061
08-Dec-2014 07:22:00,08-Dec-2014 20:25:00,4.00532051182892
09-Dec-2014 05:57:00,09-Dec-2014 12:44:00,14.9864167224097
11-Dec-2014 16:44:00,11-Dec-2014 18:11:00,0.980734472445231
12-Dec-2014 07:28:00,12-Dec-2014 18:51:00,3.57324100483471
14-Dec-2014 09:22:00,14-Dec-2014 20:19:00,3.54953115859766
15-Dec-2014 08:33:00,15-Dec-2014 20:14:00,3.76258240528186
16-Dec-2014 10:32:00,16-Dec-2014 19:47:00,3.71322051483778
18-Dec-2014 12:16:00,18-Dec-2014 12:54:00,3.7319017810749
19-Dec-2014 06:59:00,19-Dec-2014 18:08:00,3.6756228553702
20-Dec-2014 06:47:00,20-Dec-2014 16:07:00,3.00267366079819
